{"cameraMode":{"drawMode":0,"name":"Shaded","section":"Shading Mode"},"sceneLighting":true,"audioPlay":false,"sceneViewState":{"showFog":true,"showMaterialUpdate":false,"showSkybox":true,"showFlares":true,"showImageEffects":true,"showParticleSystems":true},"in2DMode":false,"pivot":{"x":1.078820824623108,"y":0.4368584156036377,"z":0.6114997863769531},"rotation":{"x":0.013504828326404095,"y":-0.9770334959030151,"z":0.20244179666042329,"w":0.06517314910888672},"size":3.4494688510894777,"orthographic":false}